GISJOIN,YEAR,STATE,STATEA,COUNTY,COUNTYA,PRETRACTA,TRACTA,POSTTRCTA,AREANAME,white,nonwhite
G3600050000100,1940,New York,36,Bronx,005,,0001,00,STCTY-36005 HEALTH AREA-    0001.00  IN NEW YORK NY,8593,360
G3600050000200,1940,New York,36,Bronx,005,,0002,00,STCTY-36005 HEALTH AREA-    0002.00  IN NEW YORK NY,13445,70
G3600050000310,1940,New York,36,Bronx,005,,0003,10,STCTY-36005 HEALTH AREA-    0003.10  IN NEW YORK NY,18772,61
G3600050000320,1940,New York,36,Bronx,005,,0003,20,STCTY-36005 HEALTH AREA-    0003.20  IN NEW YORK NY,23439,144
G3600050000410,1940,New York,36,Bronx,005,,0004,10,STCTY-36005 HEALTH AREA-    0004.10  IN NEW YORK NY,32691,138
G3600050000420,1940,New York,36,Bronx,005,,0004,20,STCTY-36005 HEALTH AREA-    0004.20  IN NEW YORK NY,29197,113
G3600050000510,1940,New York,36,Bronx,005,,0005,10,STCTY-36005 HEALTH AREA-    0005.10  IN NEW YORK NY,16817,66
G3600050000520,1940,New York,36,Bronx,005,,0005,20,STCTY-36005 HEALTH AREA-    0005.20  IN NEW YORK NY,21832,146
G3600050000610,1940,New York,36,Bronx,005,,0006,10,STCTY-36005 HEALTH AREA-    0006.10  IN NEW YORK NY,22999,770
G3600050000620,1940,New York,36,Bronx,005,,0006,20,STCTY-36005 HEALTH AREA-    0006.20  IN NEW YORK NY,18099,736
G3600050000710,1940,New York,36,Bronx,005,,0007,10,STCTY-36005 HEALTH AREA-    0007.10  IN NEW YORK NY,3788,23
G3600050000720,1940,New York,36,Bronx,005,,0007,20,STCTY-36005 HEALTH AREA-    0007.20  IN NEW YORK NY,4566,297
G3600050000810,1940,New York,36,Bronx,005,,0008,10,STCTY-36005 HEALTH AREA-    0008.10  IN NEW YORK NY,27795,122
G3600050000820,1940,New York,36,Bronx,005,,0008,20,STCTY-36005 HEALTH AREA-    0008.20  IN NEW YORK NY,11974,37
G3600050000900,1940,New York,36,Bronx,005,,0009,00,STCTY-36005 HEALTH AREA-    0009.00  IN NEW YORK NY,36047,78
G3600050001000,1940,New York,36,Bronx,005,,0010,00,STCTY-36005 HEALTH AREA-    0010.00  IN NEW YORK NY,27396,86
G3600050001100,1940,New York,36,Bronx,005,,0011,00,STCTY-36005 HEALTH AREA-    0011.00  IN NEW YORK NY,25834,40
G3600050001210,1940,New York,36,Bronx,005,,0012,10,STCTY-36005 HEALTH AREA-    0012.10  IN NEW YORK NY,23544,82
G3600050001220,1940,New York,36,Bronx,005,,0012,20,STCTY-36005 HEALTH AREA-    0012.20  IN NEW YORK NY,20922,200
G3600050001310,1940,New York,36,Bronx,005,,0013,10,STCTY-36005 HEALTH AREA-    0013.10  IN NEW YORK NY,17403,8
G3600050001320,1940,New York,36,Bronx,005,,0013,20,STCTY-36005 HEALTH AREA-    0013.20  IN NEW YORK NY,11974,64
G3600050001410,1940,New York,36,Bronx,005,,0014,10,STCTY-36005 HEALTH AREA-    0014.10  IN NEW YORK NY,3898,1
G3600050001420,1940,New York,36,Bronx,005,,0014,20,STCTY-36005 HEALTH AREA-    0014.20  IN NEW YORK NY,22541,20
G3600050001510,1940,New York,36,Bronx,005,,0015,10,STCTY-36005 HEALTH AREA-    0015.10  IN NEW YORK NY,18089,102
G3600050001520,1940,New York,36,Bronx,005,,0015,20,STCTY-36005 HEALTH AREA-    0015.20  IN NEW YORK NY,23521,31
G3600050001600,1940,New York,36,Bronx,005,,0016,00,STCTY-36005 HEALTH AREA-    0016.00  IN NEW YORK NY,33527,97
G3600050001700,1940,New York,36,Bronx,005,,0017,00,STCTY-36005 HEALTH AREA-    0017.00  IN NEW YORK NY,23196,54
G3600050001800,1940,New York,36,Bronx,005,,0018,00,STCTY-36005 HEALTH AREA-    0018.00  IN NEW YORK NY,18935,181
G3600050001900,1940,New York,36,Bronx,005,,0019,00,STCTY-36005 HEALTH AREA-    0019.00  IN NEW YORK NY,29638,112
G3600050002000,1940,New York,36,Bronx,005,,0020,00,STCTY-36005 HEALTH AREA-    0020.00  IN NEW YORK NY,31717,253
G3600050002110,1940,New York,36,Bronx,005,,0021,10,STCTY-36005 HEALTH AREA-    0021.10  IN NEW YORK NY,22683,31
G3600050002120,1940,New York,36,Bronx,005,,0021,20,STCTY-36005 HEALTH AREA-    0021.20  IN NEW YORK NY,18451,455
G3600050002210,1940,New York,36,Bronx,005,,0022,10,STCTY-36005 HEALTH AREA-    0022.10  IN NEW YORK NY,30388,128
G3600050002220,1940,New York,36,Bronx,005,,0022,20,STCTY-36005 HEALTH AREA-    0022.20  IN NEW YORK NY,34785,101
G3600050002310,1940,New York,36,Bronx,005,,0023,10,STCTY-36005 HEALTH AREA-    0023.10  IN NEW YORK NY,28807,114
G3600050002320,1940,New York,36,Bronx,005,,0023,20,STCTY-36005 HEALTH AREA-    0023.20  IN NEW YORK NY,19289,104
G3600050002400,1940,New York,36,Bronx,005,,0024,00,STCTY-36005 HEALTH AREA-    0024.00  IN NEW YORK NY,19524,1558
G3600050002500,1940,New York,36,Bronx,005,,0025,00,STCTY-36005 HEALTH AREA-    0025.00  IN NEW YORK NY,33731,259
G3600050002600,1940,New York,36,Bronx,005,,0026,00,STCTY-36005 HEALTH AREA-    0026.00  IN NEW YORK NY,23098,1110
G3600050002700,1940,New York,36,Bronx,005,,0027,00,STCTY-36005 HEALTH AREA-    0027.00  IN NEW YORK NY,25498,1703
G3600050002800,1940,New York,36,Bronx,005,,0028,00,STCTY-36005 HEALTH AREA-    0028.00  IN NEW YORK NY,16464,2792
G3600050002900,1940,New York,36,Bronx,005,,0029,00,STCTY-36005 HEALTH AREA-    0029.00  IN NEW YORK NY,29875,122
G3600050003010,1940,New York,36,Bronx,005,,0030,10,STCTY-36005 HEALTH AREA-    0030.10  IN NEW YORK NY,23089,61
G3600050003020,1940,New York,36,Bronx,005,,0030,20,STCTY-36005 HEALTH AREA-    0030.20  IN NEW YORK NY,26044,29
G3600050003030,1940,New York,36,Bronx,005,,0030,30,STCTY-36005 HEALTH AREA-    0030.30  IN NEW YORK NY,9137,14
G3600050003100,1940,New York,36,Bronx,005,,0031,00,STCTY-36005 HEALTH AREA-    0031.00  IN NEW YORK NY,16317,15
G3600050003210,1940,New York,36,Bronx,005,,0032,10,STCTY-36005 HEALTH AREA-    0032.10  IN NEW YORK NY,13714,21
G3600050003220,1940,New York,36,Bronx,005,,0032,20,STCTY-36005 HEALTH AREA-    0032.20  IN NEW YORK NY,8712,6
G3600050003310,1940,New York,36,Bronx,005,,0033,10,STCTY-36005 HEALTH AREA-    0033.10  IN NEW YORK NY,23573,92
G3600050003320,1940,New York,36,Bronx,005,,0033,20,STCTY-36005 HEALTH AREA-    0033.20  IN NEW YORK NY,35666,512
G3600050003400,1940,New York,36,Bronx,005,,0034,00,STCTY-36005 HEALTH AREA-    0034.00  IN NEW YORK NY,16686,602
G3600050003500,1940,New York,36,Bronx,005,,0035,00,STCTY-36005 HEALTH AREA-    0035.00  IN NEW YORK NY,24463,2464
G3600050003600,1940,New York,36,Bronx,005,,0036,00,STCTY-36005 HEALTH AREA-    0036.00  IN NEW YORK NY,21143,1299
G3600050003700,1940,New York,36,Bronx,005,,0037,00,STCTY-36005 HEALTH AREA-    0037.00  IN NEW YORK NY,22173,1787
G3600050003800,1940,New York,36,Bronx,005,,0038,00,STCTY-36005 HEALTH AREA-    0038.00  IN NEW YORK NY,17266,1098
G3600050003900,1940,New York,36,Bronx,005,,0039,00,STCTY-36005 HEALTH AREA-    0039.00  IN NEW YORK NY,19034,239
G3600050004000,1940,New York,36,Bronx,005,,0040,00,STCTY-36005 HEALTH AREA-    0040.00  IN NEW YORK NY,24005,380
G3600050004100,1940,New York,36,Bronx,005,,0041,00,STCTY-36005 HEALTH AREA-    0041.00  IN NEW YORK NY,22401,531
G3600050004200,1940,New York,36,Bronx,005,,0042,00,STCTY-36005 HEALTH AREA-    0042.00  IN NEW YORK NY,23251,307
G3600050004300,1940,New York,36,Bronx,005,,0043,00,STCTY-36005 HEALTH AREA-    0043.00  IN NEW YORK NY,14951,166
G3600050004400,1940,New York,36,Bronx,005,,0044,00,STCTY-36005 HEALTH AREA-    0044.00  IN NEW YORK NY,23754,335
G3600050004500,1940,New York,36,Bronx,005,,0045,00,STCTY-36005 HEALTH AREA-    0045.00  IN NEW YORK NY,19683,54
G3600050004600,1940,New York,36,Bronx,005,,0046,00,STCTY-36005 HEALTH AREA-    0046.00  IN NEW YORK NY,16685,88
G3600050004700,1940,New York,36,Bronx,005,,0047,00,STCTY-36005 HEALTH AREA-    0047.00  IN NEW YORK NY,21737,316
G3600050004800,1940,New York,36,Bronx,005,,0048,00,STCTY-36005 HEALTH AREA-    0048.00  IN NEW YORK NY,2053,1007
G36002900001,1940,New York,36,Erie,029,,0001,,STCTY-36029 TRACT-    0001     IN BUFFALO NY,2839,2
G36002900002,1940,New York,36,Erie,029,,0002,,STCTY-36029 TRACT-    0002     IN BUFFALO NY,7048,0
G36002900003,1940,New York,36,Erie,029,,0003,,STCTY-36029 TRACT-    0003     IN BUFFALO NY,2011,28
G36002900004,1940,New York,36,Erie,029,,0004,,STCTY-36029 TRACT-    0004     IN BUFFALO NY,3101,1
G36002900005,1940,New York,36,Erie,029,,0005,,STCTY-36029 TRACT-    0005     IN BUFFALO NY,6929,1
G36002900006,1940,New York,36,Erie,029,,0006,,STCTY-36029 TRACT-    0006     IN BUFFALO NY,5803,0
G36002900007,1940,New York,36,Erie,029,,0007,,STCTY-36029 TRACT-    0007     IN BUFFALO NY,3527,0
G36002900008,1940,New York,36,Erie,029,,0008,,STCTY-36029 TRACT-    0008     IN BUFFALO NY,7763,0
G36002900009,1940,New York,36,Erie,029,,0009,,STCTY-36029 TRACT-    0009     IN BUFFALO NY,3258,1
G36002900010,1940,New York,36,Erie,029,,0010,,STCTY-36029 TRACT-    0010     IN BUFFALO NY,8554,1
G36002900011,1940,New York,36,Erie,029,,0011,,STCTY-36029 TRACT-    0011     IN BUFFALO NY,4646,0
G36002900012,1940,New York,36,Erie,029,,0012,,STCTY-36029 TRACT-    0012     IN BUFFALO NY,10372,776
G36002900013,1940,New York,36,Erie,029,,0013,,STCTY-36029 TRACT-    0013     IN BUFFALO NY,9451,860
G36002900014,1940,New York,36,Erie,029,,0014,,STCTY-36029 TRACT-    0014     IN BUFFALO NY,3547,9077
G36002900015,1940,New York,36,Erie,029,,0015,,STCTY-36029 TRACT-    0015     IN BUFFALO NY,10233,2924
G36002900016,1940,New York,36,Erie,029,,0016,,STCTY-36029 TRACT-    0016     IN BUFFALO NY,14407,17
G36002900017,1940,New York,36,Erie,029,,0017,,STCTY-36029 TRACT-    0017     IN BUFFALO NY,6417,16
G36002900018,1940,New York,36,Erie,029,,0018,,STCTY-36029 TRACT-    0018     IN BUFFALO NY,3388,9
G36002900019,1940,New York,36,Erie,029,,0019,,STCTY-36029 TRACT-    0019     IN BUFFALO NY,5307,0
G36002900020,1940,New York,36,Erie,029,,0020,,STCTY-36029 TRACT-    0020     IN BUFFALO NY,3654,3
G36002900021,1940,New York,36,Erie,029,,0021,,STCTY-36029 TRACT-    0021     IN BUFFALO NY,1500,0
G36002900022,1940,New York,36,Erie,029,,0022,,STCTY-36029 TRACT-    0022     IN BUFFALO NY,3751,0
G36002900023,1940,New York,36,Erie,029,,0023,,STCTY-36029 TRACT-    0023     IN BUFFALO NY,6094,2
G36002900024,1940,New York,36,Erie,029,,0024,,STCTY-36029 TRACT-    0024     IN BUFFALO NY,10755,9
G36002900025,1940,New York,36,Erie,029,,0025,,STCTY-36029 TRACT-    0025     IN BUFFALO NY,14963,1825
G36002900026,1940,New York,36,Erie,029,,0026,,STCTY-36029 TRACT-    0026     IN BUFFALO NY,5278,221
G36002900027,1940,New York,36,Erie,029,,0027,,STCTY-36029 TRACT-    0027     IN BUFFALO NY,23101,7
G36002900028,1940,New York,36,Erie,029,,0028,,STCTY-36029 TRACT-    0028     IN BUFFALO NY,12061,0
G36002900029,1940,New York,36,Erie,029,,0029,,STCTY-36029 TRACT-    0029     IN BUFFALO NY,8723,4
G36002900030,1940,New York,36,Erie,029,,0030,,STCTY-36029 TRACT-    0030     IN BUFFALO NY,4657,1
G36002900031,1940,New York,36,Erie,029,,0031,,STCTY-36029 TRACT-    0031     IN BUFFALO NY,15458,34
G36002900032,1940,New York,36,Erie,029,,0032,,STCTY-36029 TRACT-    0032     IN BUFFALO NY,16157,1449
G36002900033,1940,New York,36,Erie,029,,0033,,STCTY-36029 TRACT-    0033     IN BUFFALO NY,16980,74
G36002900034,1940,New York,36,Erie,029,,0034,,STCTY-36029 TRACT-    0034     IN BUFFALO NY,8095,11
G36002900035,1940,New York,36,Erie,029,,0035,,STCTY-36029 TRACT-    0035     IN BUFFALO NY,11124,9
G36002900036,1940,New York,36,Erie,029,,0036,,STCTY-36029 TRACT-    0036     IN BUFFALO NY,8241,5
G36002900037,1940,New York,36,Erie,029,,0037,,STCTY-36029 TRACT-    0037     IN BUFFALO NY,7760,9
G36002900038,1940,New York,36,Erie,029,,0038,,STCTY-36029 TRACT-    0038     IN BUFFALO NY,4527,4
G36002900039,1940,New York,36,Erie,029,,0039,,STCTY-36029 TRACT-    0039     IN BUFFALO NY,7918,84
G36002900040,1940,New York,36,Erie,029,,0040,,STCTY-36029 TRACT-    0040     IN BUFFALO NY,8985,12
G36002900041,1940,New York,36,Erie,029,,0041,,STCTY-36029 TRACT-    0041     IN BUFFALO NY,7575,1
G36002900042,1940,New York,36,Erie,029,,0042,,STCTY-36029 TRACT-    0042     IN BUFFALO NY,6471,1
G36002900043,1940,New York,36,Erie,029,,0043,,STCTY-36029 TRACT-    0043     IN BUFFALO NY,8156,0
G36002900044,1940,New York,36,Erie,029,,0044,,STCTY-36029 TRACT-    0044     IN BUFFALO NY,7180,0
G36002900045,1940,New York,36,Erie,029,,0045,,STCTY-36029 TRACT-    0045     IN BUFFALO NY,5818,17
G36002900046,1940,New York,36,Erie,029,,0046,,STCTY-36029 TRACT-    0046     IN BUFFALO NY,3802,2
G36002900047,1940,New York,36,Erie,029,,0047,,STCTY-36029 TRACT-    0047     IN BUFFALO NY,7911,3
G36002900048,1940,New York,36,Erie,029,,0048,,STCTY-36029 TRACT-    0048     IN BUFFALO NY,5680,16
G36002900049,1940,New York,36,Erie,029,,0049,,STCTY-36029 TRACT-    0049     IN BUFFALO NY,9915,13
G36002900050,1940,New York,36,Erie,029,,0050,,STCTY-36029 TRACT-    0050     IN BUFFALO NY,3297,3
G36002900051,1940,New York,36,Erie,029,,0051,,STCTY-36029 TRACT-    0051     IN BUFFALO NY,4674,6
G36002900052,1940,New York,36,Erie,029,,0052,,STCTY-36029 TRACT-    0052     IN BUFFALO NY,8590,18
G36002900053,1940,New York,36,Erie,029,,0053,,STCTY-36029 TRACT-    0053     IN BUFFALO NY,1139,3
G36002900054,1940,New York,36,Erie,029,,0054,,STCTY-36029 TRACT-    0054     IN BUFFALO NY,4641,26
G36002900055,1940,New York,36,Erie,029,,0055,,STCTY-36029 TRACT-    0055     IN BUFFALO NY,9610,4
G36002900056,1940,New York,36,Erie,029,,0056,,STCTY-36029 TRACT-    0056     IN BUFFALO NY,4993,0
G36002900057,1940,New York,36,Erie,029,,0057,,STCTY-36029 TRACT-    0057     IN BUFFALO NY,4166,0
G36002900058,1940,New York,36,Erie,029,,0058,,STCTY-36029 TRACT-    0058     IN BUFFALO NY,12267,0
G36002900059,1940,New York,36,Erie,029,,0059,,STCTY-36029 TRACT-    0059     IN BUFFALO NY,6809,0
G36002900060,1940,New York,36,Erie,029,,0060,,STCTY-36029 TRACT-    0060     IN BUFFALO NY,10014,47
G36002900061,1940,New York,36,Erie,029,,0061,,STCTY-36029 TRACT-    0061     IN BUFFALO NY,10059,21
G36002900062,1940,New York,36,Erie,029,,0062,,STCTY-36029 TRACT-    0062     IN BUFFALO NY,3612,80
G36002900063,1940,New York,36,Erie,029,,0063,,STCTY-36029 TRACT-    0063     IN BUFFALO NY,9801,64
G36002900064,1940,New York,36,Erie,029,,0064,,STCTY-36029 TRACT-    0064     IN BUFFALO NY,1079,2
G36002900065,1940,New York,36,Erie,029,,0065,,STCTY-36029 TRACT-    0065     IN BUFFALO NY,8679,24
G36002900066,1940,New York,36,Erie,029,,0066,,STCTY-36029 TRACT-    0066     IN BUFFALO NY,6124,33
G36002900067,1940,New York,36,Erie,029,,0067,,STCTY-36029 TRACT-    0067     IN BUFFALO NY,9281,55
G36002900068,1940,New York,36,Erie,029,,0068,,STCTY-36029 TRACT-    0068     IN BUFFALO NY,8940,67
G36002900069,1940,New York,36,Erie,029,,0069,,STCTY-36029 TRACT-    0069     IN BUFFALO NY,16503,59
G36002900070,1940,New York,36,Erie,029,,0070,,STCTY-36029 TRACT-    0070     IN BUFFALO NY,8338,53
G36002900071,1940,New York,36,Erie,029,,0071,,STCTY-36029 TRACT-    0071     IN BUFFALO NY,20624,144
G36002900072,1940,New York,36,Erie,029,,0072,,STCTY-36029 TRACT-    0072     IN BUFFALO NY,3487,45
G3600470000100,1940,New York,36,Kings,047,,0001,00,STCTY-36047 HEALTH AREA-    0001.00  IN NEW YORK NY,18763,27
G3600470000200,1940,New York,36,Kings,047,,0002,00,STCTY-36047 HEALTH AREA-    0002.00  IN NEW YORK NY,22421,11
G3600470000300,1940,New York,36,Kings,047,,0003,00,STCTY-36047 HEALTH AREA-    0003.00  IN NEW YORK NY,16631,1
G3600470000400,1940,New York,36,Kings,047,,0004,00,STCTY-36047 HEALTH AREA-    0004.00  IN NEW YORK NY,17576,149
G3600470000500,1940,New York,36,Kings,047,,0005,00,STCTY-36047 HEALTH AREA-    0005.00  IN NEW YORK NY,29495,502
G3600470000600,1940,New York,36,Kings,047,,0006,00,STCTY-36047 HEALTH AREA-    0006.00  IN NEW YORK NY,31641,313
G3600470000700,1940,New York,36,Kings,047,,0007,00,STCTY-36047 HEALTH AREA-    0007.00  IN NEW YORK NY,24902,59
G3600470000800,1940,New York,36,Kings,047,,0008,00,STCTY-36047 HEALTH AREA-    0008.00  IN NEW YORK NY,18581,34
G3600470000900,1940,New York,36,Kings,047,,0009,00,STCTY-36047 HEALTH AREA-    0009.00  IN NEW YORK NY,18077,28
G3600470001000,1940,New York,36,Kings,047,,0010,00,STCTY-36047 HEALTH AREA-    0010.00  IN NEW YORK NY,11987,1151
G3600470001100,1940,New York,36,Kings,047,,0011,00,STCTY-36047 HEALTH AREA-    0011.00  IN NEW YORK NY,10707,2123
G3600470001200,1940,New York,36,Kings,047,,0012,00,STCTY-36047 HEALTH AREA-    0012.00  IN NEW YORK NY,21458,1141
G3600470001300,1940,New York,36,Kings,047,,0013,00,STCTY-36047 HEALTH AREA-    0013.00  IN NEW YORK NY,14707,9235
G3600470001400,1940,New York,36,Kings,047,,0014,00,STCTY-36047 HEALTH AREA-    0014.00  IN NEW YORK NY,25326,1061
G3600470001500,1940,New York,36,Kings,047,,0015,00,STCTY-36047 HEALTH AREA-    0015.00  IN NEW YORK NY,16864,722
G3600470001600,1940,New York,36,Kings,047,,0016,00,STCTY-36047 HEALTH AREA-    0016.00  IN NEW YORK NY,13287,2079
G3600470001700,1940,New York,36,Kings,047,,0017,00,STCTY-36047 HEALTH AREA-    0017.00  IN NEW YORK NY,20541,492
G3600470001800,1940,New York,36,Kings,047,,0018,00,STCTY-36047 HEALTH AREA-    0018.00  IN NEW YORK NY,18500,1688
G3600470001900,1940,New York,36,Kings,047,,0019,00,STCTY-36047 HEALTH AREA-    0019.00  IN NEW YORK NY,20918,1335
G3600470002000,1940,New York,36,Kings,047,,0020,00,STCTY-36047 HEALTH AREA-    0020.00  IN NEW YORK NY,10875,12888
G3600470002100,1940,New York,36,Kings,047,,0021,00,STCTY-36047 HEALTH AREA-    0021.00  IN NEW YORK NY,15532,4013
G3600470002200,1940,New York,36,Kings,047,,0022,00,STCTY-36047 HEALTH AREA-    0022.00  IN NEW YORK NY,19186,11
G3600470002300,1940,New York,36,Kings,047,,0023,00,STCTY-36047 HEALTH AREA-    0023.00  IN NEW YORK NY,28638,705
G3600470002400,1940,New York,36,Kings,047,,0024,00,STCTY-36047 HEALTH AREA-    0024.00  IN NEW YORK NY,18084,990
G3600470002500,1940,New York,36,Kings,047,,0025,00,STCTY-36047 HEALTH AREA-    0025.00  IN NEW YORK NY,14604,24
G3600470002600,1940,New York,36,Kings,047,,0026,00,STCTY-36047 HEALTH AREA-    0026.00  IN NEW YORK NY,19902,1950
G3600470002710,1940,New York,36,Kings,047,,0027,10,STCTY-36047 HEALTH AREA-    0027.10  IN NEW YORK NY,17453,5025
G3600470002720,1940,New York,36,Kings,047,,0027,20,STCTY-36047 HEALTH AREA-    0027.20  IN NEW YORK NY,16153,125
G3600470002800,1940,New York,36,Kings,047,,0028,00,STCTY-36047 HEALTH AREA-    0028.00  IN NEW YORK NY,14459,14035
G3600470002900,1940,New York,36,Kings,047,,0029,00,STCTY-36047 HEALTH AREA-    0029.00  IN NEW YORK NY,30998,2162
G3600470003000,1940,New York,36,Kings,047,,0030,00,STCTY-36047 HEALTH AREA-    0030.00  IN NEW YORK NY,17662,11398
G3600470003100,1940,New York,36,Kings,047,,0031,00,STCTY-36047 HEALTH AREA-    0031.00  IN NEW YORK NY,27162,883
G3600470003200,1940,New York,36,Kings,047,,0032,00,STCTY-36047 HEALTH AREA-    0032.00  IN NEW YORK NY,25097,19
G3600470003300,1940,New York,36,Kings,047,,0033,00,STCTY-36047 HEALTH AREA-    0033.00  IN NEW YORK NY,29328,14
G3600470003400,1940,New York,36,Kings,047,,0034,00,STCTY-36047 HEALTH AREA-    0034.00  IN NEW YORK NY,29280,16
G3600470003500,1940,New York,36,Kings,047,,0035,00,STCTY-36047 HEALTH AREA-    0035.00  IN NEW YORK NY,26859,20
G3600470003600,1940,New York,36,Kings,047,,0036,00,STCTY-36047 HEALTH AREA-    0036.00  IN NEW YORK NY,11619,8586
G3600470003700,1940,New York,36,Kings,047,,0037,00,STCTY-36047 HEALTH AREA-    0037.00  IN NEW YORK NY,14100,406
G3600470003800,1940,New York,36,Kings,047,,0038,00,STCTY-36047 HEALTH AREA-    0038.00  IN NEW YORK NY,23076,52
G3600470003900,1940,New York,36,Kings,047,,0039,00,STCTY-36047 HEALTH AREA-    0039.00  IN NEW YORK NY,23662,16
G3600470004000,1940,New York,36,Kings,047,,0040,00,STCTY-36047 HEALTH AREA-    0040.00  IN NEW YORK NY,23748,477
G3600470004100,1940,New York,36,Kings,047,,0041,00,STCTY-36047 HEALTH AREA-    0041.00  IN NEW YORK NY,30210,130
G3600470004200,1940,New York,36,Kings,047,,0042,00,STCTY-36047 HEALTH AREA-    0042.00  IN NEW YORK NY,21039,6
G3600470004300,1940,New York,36,Kings,047,,0043,00,STCTY-36047 HEALTH AREA-    0043.00  IN NEW YORK NY,15681,41
G3600470004400,1940,New York,36,Kings,047,,0044,00,STCTY-36047 HEALTH AREA-    0044.00  IN NEW YORK NY,20141,62
G3600470004500,1940,New York,36,Kings,047,,0045,00,STCTY-36047 HEALTH AREA-    0045.00  IN NEW YORK NY,26344,115
G3600470004600,1940,New York,36,Kings,047,,0046,00,STCTY-36047 HEALTH AREA-    0046.00  IN NEW YORK NY,26657,51
G3600470004700,1940,New York,36,Kings,047,,0047,00,STCTY-36047 HEALTH AREA-    0047.00  IN NEW YORK NY,29903,28
G3600470004800,1940,New York,36,Kings,047,,0048,00,STCTY-36047 HEALTH AREA-    0048.00  IN NEW YORK NY,33759,252
G3600470004900,1940,New York,36,Kings,047,,0049,00,STCTY-36047 HEALTH AREA-    0049.00  IN NEW YORK NY,29540,430
G3600470005010,1940,New York,36,Kings,047,,0050,10,STCTY-36047 HEALTH AREA-    0050.10  IN NEW YORK NY,23764,403
G3600470005020,1940,New York,36,Kings,047,,0050,20,STCTY-36047 HEALTH AREA-    0050.20  IN NEW YORK NY,17288,140
G3600470005100,1940,New York,36,Kings,047,,0051,00,STCTY-36047 HEALTH AREA-    0051.00  IN NEW YORK NY,24005,870
G3600470005200,1940,New York,36,Kings,047,,0052,00,STCTY-36047 HEALTH AREA-    0052.00  IN NEW YORK NY,12378,4062
G3600470005310,1940,New York,36,Kings,047,,0053,10,STCTY-36047 HEALTH AREA-    0053.10  IN NEW YORK NY,20372,67
G3600470005320,1940,New York,36,Kings,047,,0053,20,STCTY-36047 HEALTH AREA-    0053.20  IN NEW YORK NY,32672,193
G3600470005400,1940,New York,36,Kings,047,,0054,00,STCTY-36047 HEALTH AREA-    0054.00  IN NEW YORK NY,30092,554
G3600470005510,1940,New York,36,Kings,047,,0055,10,STCTY-36047 HEALTH AREA-    0055.10  IN NEW YORK NY,29404,305
G3600470005520,1940,New York,36,Kings,047,,0055,20,STCTY-36047 HEALTH AREA-    0055.20  IN NEW YORK NY,32600,230
G3600470005600,1940,New York,36,Kings,047,,0056,00,STCTY-36047 HEALTH AREA-    0056.00  IN NEW YORK NY,23661,245
G3600470005700,1940,New York,36,Kings,047,,0057,00,STCTY-36047 HEALTH AREA-    0057.00  IN NEW YORK NY,18891,2625
G3600470005810,1940,New York,36,Kings,047,,0058,10,STCTY-36047 HEALTH AREA-    0058.10  IN NEW YORK NY,27944,85
G3600470005820,1940,New York,36,Kings,047,,0058,20,STCTY-36047 HEALTH AREA-    0058.20  IN NEW YORK NY,23702,81
G3600470005900,1940,New York,36,Kings,047,,0059,00,STCTY-36047 HEALTH AREA-    0059.00  IN NEW YORK NY,20691,3533
G3600470006000,1940,New York,36,Kings,047,,0060,00,STCTY-36047 HEALTH AREA-    0060.00  IN NEW YORK NY,20683,1468
G3600470006100,1940,New York,36,Kings,047,,0061,00,STCTY-36047 HEALTH AREA-    0061.00  IN NEW YORK NY,24565,828
G3600470006200,1940,New York,36,Kings,047,,0062,00,STCTY-36047 HEALTH AREA-    0062.00  IN NEW YORK NY,28191,1123
G3600470006300,1940,New York,36,Kings,047,,0063,00,STCTY-36047 HEALTH AREA-    0063.00  IN NEW YORK NY,28576,56
G3600470006410,1940,New York,36,Kings,047,,0064,10,STCTY-36047 HEALTH AREA-    0064.10  IN NEW YORK NY,16315,67
G3600470006420,1940,New York,36,Kings,047,,0064,20,STCTY-36047 HEALTH AREA-    0064.20  IN NEW YORK NY,21708,296
G3600470006430,1940,New York,36,Kings,047,,0064,30,STCTY-36047 HEALTH AREA-    0064.30  IN NEW YORK NY,73,0
G3600470006500,1940,New York,36,Kings,047,,0065,00,STCTY-36047 HEALTH AREA-    0065.00  IN NEW YORK NY,29219,39
G3600470006600,1940,New York,36,Kings,047,,0066,00,STCTY-36047 HEALTH AREA-    0066.00  IN NEW YORK NY,31554,18
G3600470006700,1940,New York,36,Kings,047,,0067,00,STCTY-36047 HEALTH AREA-    0067.00  IN NEW YORK NY,35156,19
G3600470006800,1940,New York,36,Kings,047,,0068,00,STCTY-36047 HEALTH AREA-    0068.00  IN NEW YORK NY,32517,145
G3600470006900,1940,New York,36,Kings,047,,0069,00,STCTY-36047 HEALTH AREA-    0069.00  IN NEW YORK NY,25871,33
G3600470007000,1940,New York,36,Kings,047,,0070,00,STCTY-36047 HEALTH AREA-    0070.00  IN NEW YORK NY,31943,147
G3600470007110,1940,New York,36,Kings,047,,0071,10,STCTY-36047 HEALTH AREA-    0071.10  IN NEW YORK NY,13605,81
G3600470007120,1940,New York,36,Kings,047,,0071,20,STCTY-36047 HEALTH AREA-    0071.20  IN NEW YORK NY,26930,266
G3600470007210,1940,New York,36,Kings,047,,0072,10,STCTY-36047 HEALTH AREA-    0072.10  IN NEW YORK NY,35805,292
G3600470007220,1940,New York,36,Kings,047,,0072,20,STCTY-36047 HEALTH AREA-    0072.20  IN NEW YORK NY,16531,138
G3600470007310,1940,New York,36,Kings,047,,0073,10,STCTY-36047 HEALTH AREA-    0073.10  IN NEW YORK NY,27735,314
G3600470007320,1940,New York,36,Kings,047,,0073,20,STCTY-36047 HEALTH AREA-    0073.20  IN NEW YORK NY,24747,194
G3600470007410,1940,New York,36,Kings,047,,0074,10,STCTY-36047 HEALTH AREA-    0074.10  IN NEW YORK NY,26623,20
G3600470007420,1940,New York,36,Kings,047,,0074,20,STCTY-36047 HEALTH AREA-    0074.20  IN NEW YORK NY,12583,45
G3600470007510,1940,New York,36,Kings,047,,0075,10,STCTY-36047 HEALTH AREA-    0075.10  IN NEW YORK NY,15443,40
G3600470007520,1940,New York,36,Kings,047,,0075,20,STCTY-36047 HEALTH AREA-    0075.20  IN NEW YORK NY,15987,53
G3600470007600,1940,New York,36,Kings,047,,0076,00,STCTY-36047 HEALTH AREA-    0076.00  IN NEW YORK NY,30916,47
G3600470007700,1940,New York,36,Kings,047,,0077,00,STCTY-36047 HEALTH AREA-    0077.00  IN NEW YORK NY,23278,3
G3600470007810,1940,New York,36,Kings,047,,0078,10,STCTY-36047 HEALTH AREA-    0078.10  IN NEW YORK NY,26994,65
G3600470007820,1940,New York,36,Kings,047,,0078,20,STCTY-36047 HEALTH AREA-    0078.20  IN NEW YORK NY,12862,23
G3600470007910,1940,New York,36,Kings,047,,0079,10,STCTY-36047 HEALTH AREA-    0079.10  IN NEW YORK NY,18617,17
G3600470007920,1940,New York,36,Kings,047,,0079,20,STCTY-36047 HEALTH AREA-    0079.20  IN NEW YORK NY,19479,11
G3600470008010,1940,New York,36,Kings,047,,0080,10,STCTY-36047 HEALTH AREA-    0080.10  IN NEW YORK NY,23923,137
G3600470008020,1940,New York,36,Kings,047,,0080,20,STCTY-36047 HEALTH AREA-    0080.20  IN NEW YORK NY,16019,7
G3600470008110,1940,New York,36,Kings,047,,0081,10,STCTY-36047 HEALTH AREA-    0081.10  IN NEW YORK NY,18815,16
G3600470008120,1940,New York,36,Kings,047,,0081,20,STCTY-36047 HEALTH AREA-    0081.20  IN NEW YORK NY,23011,30
G3600470008200,1940,New York,36,Kings,047,,0082,00,STCTY-36047 HEALTH AREA-    0082.00  IN NEW YORK NY,33108,230
G3600470008300,1940,New York,36,Kings,047,,0083,00,STCTY-36047 HEALTH AREA-    0083.00  IN NEW YORK NY,33734,160
G3600470008400,1940,New York,36,Kings,047,,0084,00,STCTY-36047 HEALTH AREA-    0084.00  IN NEW YORK NY,28730,307
G3600470008510,1940,New York,36,Kings,047,,0085,10,STCTY-36047 HEALTH AREA-    0085.10  IN NEW YORK NY,28059,202
G3600470008521,1940,New York,36,Kings,047,,0085,21,STCTY-36047 HEALTH AREA-    0085.21  IN NEW YORK NY,19968,51
G3600470008522,1940,New York,36,Kings,047,,0085,22,STCTY-36047 HEALTH AREA-    0085.22  IN NEW YORK NY,17783,18
G3600470008610,1940,New York,36,Kings,047,,0086,10,STCTY-36047 HEALTH AREA-    0086.10  IN NEW YORK NY,23975,39
G3600470008620,1940,New York,36,Kings,047,,0086,20,STCTY-36047 HEALTH AREA-    0086.20  IN NEW YORK NY,25413,61
G3600470008710,1940,New York,36,Kings,047,,0087,10,STCTY-36047 HEALTH AREA-    0087.10  IN NEW YORK NY,22284,141
G3600470008721,1940,New York,36,Kings,047,,0087,21,STCTY-36047 HEALTH AREA-    0087.21  IN NEW YORK NY,18650,610
G3600470008722,1940,New York,36,Kings,047,,0087,22,STCTY-36047 HEALTH AREA-    0087.22  IN NEW YORK NY,18192,80
G3600470008810,1940,New York,36,Kings,047,,0088,10,STCTY-36047 HEALTH AREA-    0088.10  IN NEW YORK NY,28191,288
G3600470008821,1940,New York,36,Kings,047,,0088,21,STCTY-36047 HEALTH AREA-    0088.21  IN NEW YORK NY,25787,122
G3600470008822,1940,New York,36,Kings,047,,0088,22,STCTY-36047 HEALTH AREA-    0088.22  IN NEW YORK NY,19156,41
G3600470008900,1940,New York,36,Kings,047,,0089,00,STCTY-36047 HEALTH AREA-    0089.00  IN NEW YORK NY,8713,0
G3600470009010,1940,New York,36,Kings,047,,0090,10,STCTY-36047 HEALTH AREA-    0090.10  IN NEW YORK NY,19808,344
G3600470009020,1940,New York,36,Kings,047,,0090,20,STCTY-36047 HEALTH AREA-    0090.20  IN NEW YORK NY,20657,706
G3600470009110,1940,New York,36,Kings,047,,0091,10,STCTY-36047 HEALTH AREA-    0091.10  IN NEW YORK NY,21088,121
G3600470009120,1940,New York,36,Kings,047,,0091,20,STCTY-36047 HEALTH AREA-    0091.20  IN NEW YORK NY,15098,235
G3600470009200,1940,New York,36,Kings,047,,0092,00,STCTY-36047 HEALTH AREA-    0092.00  IN NEW YORK NY,1432,5
G3600470009300,1940,New York,36,Kings,047,,0093,00,STCTY-36047 HEALTH AREA-    0093.00  IN NEW YORK NY,1254,61
G36005500001,1940,New York,36,Monroe,055,,0001,,STCTY-36055 TRACT-    0001     IN ROCHESTER NY,1147,31
G36005500002,1940,New York,36,Monroe,055,,0002,,STCTY-36055 TRACT-    0002     IN ROCHESTER NY,1204,7
G36005500003,1940,New York,36,Monroe,055,,0003,,STCTY-36055 TRACT-    0003     IN ROCHESTER NY,1821,881
G36005500004,1940,New York,36,Monroe,055,,0004,,STCTY-36055 TRACT-    0004     IN ROCHESTER NY,5170,213
G36005500005,1940,New York,36,Monroe,055,,0005,,STCTY-36055 TRACT-    0005     IN ROCHESTER NY,4158,13
G36005500006,1940,New York,36,Monroe,055,,0006,,STCTY-36055 TRACT-    0006     IN ROCHESTER NY,2170,26
G36005500007,1940,New York,36,Monroe,055,,0007,,STCTY-36055 TRACT-    0007     IN ROCHESTER NY,1715,0
G36005500008,1940,New York,36,Monroe,055,,0008,,STCTY-36055 TRACT-    0008     IN ROCHESTER NY,3298,1
G36005500009,1940,New York,36,Monroe,055,,0009,,STCTY-36055 TRACT-    0009     IN ROCHESTER NY,2477,37
G36005500010,1940,New York,36,Monroe,055,,0010,,STCTY-36055 TRACT-    0010     IN ROCHESTER NY,4945,61
G36005500011,1940,New York,36,Monroe,055,,0011,,STCTY-36055 TRACT-    0011     IN ROCHESTER NY,1418,187
G36005500012,1940,New York,36,Monroe,055,,0012,,STCTY-36055 TRACT-    0012     IN ROCHESTER NY,2710,721
G36005500013,1940,New York,36,Monroe,055,,0013,,STCTY-36055 TRACT-    0013     IN ROCHESTER NY,4627,170
G36005500014,1940,New York,36,Monroe,055,,0014,,STCTY-36055 TRACT-    0014     IN ROCHESTER NY,4542,50
G36005500015,1940,New York,36,Monroe,055,,0015,,STCTY-36055 TRACT-    0015     IN ROCHESTER NY,4476,7
G36005500016,1940,New York,36,Monroe,055,,0016,,STCTY-36055 TRACT-    0016     IN ROCHESTER NY,3000,8
G36005500017,1940,New York,36,Monroe,055,,0017,,STCTY-36055 TRACT-    0017     IN ROCHESTER NY,4047,3
G36005500018,1940,New York,36,Monroe,055,,0018,,STCTY-36055 TRACT-    0018     IN ROCHESTER NY,2971,5
G36005500019,1940,New York,36,Monroe,055,,0019,,STCTY-36055 TRACT-    0019     IN ROCHESTER NY,5594,0
G36005500020,1940,New York,36,Monroe,055,,0020,,STCTY-36055 TRACT-    0020     IN ROCHESTER NY,6176,1
G36005500021,1940,New York,36,Monroe,055,,0021,,STCTY-36055 TRACT-    0021     IN ROCHESTER NY,4313,1
G36005500022,1940,New York,36,Monroe,055,,0022,,STCTY-36055 TRACT-    0022     IN ROCHESTER NY,4043,2
G36005500023,1940,New York,36,Monroe,055,,0023,,STCTY-36055 TRACT-    0023     IN ROCHESTER NY,6383,0
G36005500024,1940,New York,36,Monroe,055,,0024,,STCTY-36055 TRACT-    0024     IN ROCHESTER NY,4594,6
G36005500025,1940,New York,36,Monroe,055,,0025,,STCTY-36055 TRACT-    0025     IN ROCHESTER NY,2942,0
G36005500026,1940,New York,36,Monroe,055,,0026,,STCTY-36055 TRACT-    0026     IN ROCHESTER NY,4269,26
G36005500027,1940,New York,36,Monroe,055,,0027,,STCTY-36055 TRACT-    0027     IN ROCHESTER NY,3999,261
G36005500028,1940,New York,36,Monroe,055,,0028,,STCTY-36055 TRACT-    0028     IN ROCHESTER NY,3735,13
G36005500029,1940,New York,36,Monroe,055,,0029,,STCTY-36055 TRACT-    0029     IN ROCHESTER NY,5265,20
G36005500030,1940,New York,36,Monroe,055,,0030,,STCTY-36055 TRACT-    0030     IN ROCHESTER NY,3654,6
G36005500031,1940,New York,36,Monroe,055,,0031,,STCTY-36055 TRACT-    0031     IN ROCHESTER NY,5775,35
G36005500032,1940,New York,36,Monroe,055,,0032,,STCTY-36055 TRACT-    0032     IN ROCHESTER NY,3253,2
G36005500033,1940,New York,36,Monroe,055,,0033,,STCTY-36055 TRACT-    0033     IN ROCHESTER NY,2110,1
G36005500034,1940,New York,36,Monroe,055,,0034,,STCTY-36055 TRACT-    0034     IN ROCHESTER NY,3059,2
G36005500035,1940,New York,36,Monroe,055,,0035,,STCTY-36055 TRACT-    0035     IN ROCHESTER NY,2195,2
G36005500036,1940,New York,36,Monroe,055,,0036,,STCTY-36055 TRACT-    0036     IN ROCHESTER NY,4822,13
G36005500037,1940,New York,36,Monroe,055,,0037,,STCTY-36055 TRACT-    0037     IN ROCHESTER NY,4417,5
G36005500038,1940,New York,36,Monroe,055,,0038,,STCTY-36055 TRACT-    0038     IN ROCHESTER NY,6990,90
G36005500039,1940,New York,36,Monroe,055,,0039,,STCTY-36055 TRACT-    0039     IN ROCHESTER NY,1809,2
G36005500040,1940,New York,36,Monroe,055,,0040,,STCTY-36055 TRACT-    0040     IN ROCHESTER NY,2254,0
G36005500041,1940,New York,36,Monroe,055,,0041,,STCTY-36055 TRACT-    0041     IN ROCHESTER NY,3671,0
G36005500042,1940,New York,36,Monroe,055,,0042,,STCTY-36055 TRACT-    0042     IN ROCHESTER NY,3258,0
G36005500043,1940,New York,36,Monroe,055,,0043,,STCTY-36055 TRACT-    0043     IN ROCHESTER NY,2177,0
G36005500044,1940,New York,36,Monroe,055,,0044,,STCTY-36055 TRACT-    0044     IN ROCHESTER NY,4317,2
G36005500045,1940,New York,36,Monroe,055,,0045,,STCTY-36055 TRACT-    0045     IN ROCHESTER NY,2700,39
G36005500046,1940,New York,36,Monroe,055,,0046,,STCTY-36055 TRACT-    0046     IN ROCHESTER NY,3807,3
G36005500047,1940,New York,36,Monroe,055,,0047,,STCTY-36055 TRACT-    0047     IN ROCHESTER NY,2615,0
G36005500048,1940,New York,36,Monroe,055,,0048,,STCTY-36055 TRACT-    0048     IN ROCHESTER NY,3797,3
G36005500049,1940,New York,36,Monroe,055,,0049,,STCTY-36055 TRACT-    0049     IN ROCHESTER NY,3548,0
G36005500050,1940,New York,36,Monroe,055,,0050,,STCTY-36055 TRACT-    0050     IN ROCHESTER NY,4388,1
G36005500051,1940,New York,36,Monroe,055,,0051,,STCTY-36055 TRACT-    0051     IN ROCHESTER NY,2603,0
G36005500052,1940,New York,36,Monroe,055,,0052,,STCTY-36055 TRACT-    0052     IN ROCHESTER NY,4036,2
G36005500053,1940,New York,36,Monroe,055,,0053,,STCTY-36055 TRACT-    0053     IN ROCHESTER NY,3858,0
G36005500054,1940,New York,36,Monroe,055,,0054,,STCTY-36055 TRACT-    0054     IN ROCHESTER NY,4789,48
G36005500055,1940,New York,36,Monroe,055,,0055,,STCTY-36055 TRACT-    0055     IN ROCHESTER NY,4452,0
G36005500056,1940,New York,36,Monroe,055,,0056,,STCTY-36055 TRACT-    0056     IN ROCHESTER NY,4792,93
G36005500057,1940,New York,36,Monroe,055,,0057,,STCTY-36055 TRACT-    0057     IN ROCHESTER NY,3034,6
G36005500058,1940,New York,36,Monroe,055,,0058,,STCTY-36055 TRACT-    0058     IN ROCHESTER NY,4978,0
G36005500059,1940,New York,36,Monroe,055,,0059,,STCTY-36055 TRACT-    0059     IN ROCHESTER NY,3272,34
G36005500060,1940,New York,36,Monroe,055,,0060,,STCTY-36055 TRACT-    0060     IN ROCHESTER NY,4634,0
G36005500061,1940,New York,36,Monroe,055,,0061,,STCTY-36055 TRACT-    0061     IN ROCHESTER NY,2557,0
G36005500062,1940,New York,36,Monroe,055,,0062,,STCTY-36055 TRACT-    0062     IN ROCHESTER NY,4310,3
G36005500063,1940,New York,36,Monroe,055,,0063,,STCTY-36055 TRACT-    0063     IN ROCHESTER NY,4482,0
G36005500064,1940,New York,36,Monroe,055,,0064,,STCTY-36055 TRACT-    0064     IN ROCHESTER NY,5224,46
G36005500065,1940,New York,36,Monroe,055,,0065,,STCTY-36055 TRACT-    0065     IN ROCHESTER NY,3314,14
G36005500066,1940,New York,36,Monroe,055,,0066,,STCTY-36055 TRACT-    0066     IN ROCHESTER NY,3107,6
G36005500067,1940,New York,36,Monroe,055,,0067,,STCTY-36055 TRACT-    0067     IN ROCHESTER NY,4076,9
G36005500068,1940,New York,36,Monroe,055,,0068,,STCTY-36055 TRACT-    0068     IN ROCHESTER NY,3811,3
G36005500069,1940,New York,36,Monroe,055,,0069,,STCTY-36055 TRACT-    0069     IN ROCHESTER NY,2774,3
G36005500070,1940,New York,36,Monroe,055,,0070,,STCTY-36055 TRACT-    0070     IN ROCHESTER NY,3995,2
G36005500071,1940,New York,36,Monroe,055,,0071,,STCTY-36055 TRACT-    0071     IN ROCHESTER NY,4400,1
G36005500072,1940,New York,36,Monroe,055,,0072,,STCTY-36055 TRACT-    0072     IN ROCHESTER NY,2120,0
G36005500073,1940,New York,36,Monroe,055,,0073,,STCTY-36055 TRACT-    0073     IN ROCHESTER NY,2143,0
G36005500074,1940,New York,36,Monroe,055,,0074,,STCTY-36055 TRACT-    0074     IN ROCHESTER NY,2865,11
G36005500075,1940,New York,36,Monroe,055,,0075,,STCTY-36055 TRACT-    0075     IN ROCHESTER NY,4237,3
G36005500076,1940,New York,36,Monroe,055,,0076,,STCTY-36055 TRACT-    0076     IN ROCHESTER NY,4174,7
G36005500077,1940,New York,36,Monroe,055,,0077,,STCTY-36055 TRACT-    0077     IN ROCHESTER NY,2760,14
G36005500078,1940,New York,36,Monroe,055,,0078,,STCTY-36055 TRACT-    0078     IN ROCHESTER NY,4741,16
G36005500079,1940,New York,36,Monroe,055,,0079,,STCTY-36055 TRACT-    0079     IN ROCHESTER NY,2989,6
G36005500080,1940,New York,36,Monroe,055,,0080,,STCTY-36055 TRACT-    0080     IN ROCHESTER NY,3819,12
G36005500081,1940,New York,36,Monroe,055,,0081,,STCTY-36055 TRACT-    0081     IN ROCHESTER NY,4032,26
G36005500082,1940,New York,36,Monroe,055,,0082,,STCTY-36055 TRACT-    0082     IN ROCHESTER NY,3270,29
G36005500083,1940,New York,36,Monroe,055,,0083,,STCTY-36055 TRACT-    0083     IN ROCHESTER NY,2383,52
G36005500084,1940,New York,36,Monroe,055,,0084,,STCTY-36055 TRACT-    0084     IN ROCHESTER NY,3343,9
G36005500085,1940,New York,36,Monroe,055,,0085,,STCTY-36055 TRACT-    0085     IN ROCHESTER NY,3347,3
G36005500086,1940,New York,36,Monroe,055,,0086,,STCTY-36055 TRACT-    0086     IN ROCHESTER NY,3441,2
G36005500087,1940,New York,36,Monroe,055,,0087,,STCTY-36055 TRACT-    0087     IN ROCHESTER NY,5343,4
G36005500088,1940,New York,36,Monroe,055,,0088,,STCTY-36055 TRACT-    0088     IN ROCHESTER NY,2224,0
G3600610000110,1940,New York,36,New York,061,,0001,10,STCTY-36061 HEALTH AREA-    0001.10  IN NEW YORK NY,21131,56
G3600610000120,1940,New York,36,New York,061,,0001,20,STCTY-36061 HEALTH AREA-    0001.20  IN NEW YORK NY,21751,93
G3600610000210,1940,New York,36,New York,061,,0002,10,STCTY-36061 HEALTH AREA-    0002.10  IN NEW YORK NY,26709,150
G3600610000221,1940,New York,36,New York,061,,0002,21,STCTY-36061 HEALTH AREA-    0002.21  IN NEW YORK NY,22356,180
G3600610000222,1940,New York,36,New York,061,,0002,22,STCTY-36061 HEALTH AREA-    0002.22  IN NEW YORK NY,16833,193
G3600610000300,1940,New York,36,New York,061,,0003,00,STCTY-36061 HEALTH AREA-    0003.00  IN NEW YORK NY,29062,250
G3600610000400,1940,New York,36,New York,061,,0004,00,STCTY-36061 HEALTH AREA-    0004.00  IN NEW YORK NY,34672,140
G3600610000500,1940,New York,36,New York,061,,0005,00,STCTY-36061 HEALTH AREA-    0005.00  IN NEW YORK NY,28499,2328
G3600610000610,1940,New York,36,New York,061,,0006,10,STCTY-36061 HEALTH AREA-    0006.10  IN NEW YORK NY,17368,89
G3600610000620,1940,New York,36,New York,061,,0006,20,STCTY-36061 HEALTH AREA-    0006.20  IN NEW YORK NY,19964,235
G3600610000710,1940,New York,36,New York,061,,0007,10,STCTY-36061 HEALTH AREA-    0007.10  IN NEW YORK NY,1712,13720
G3600610000720,1940,New York,36,New York,061,,0007,20,STCTY-36061 HEALTH AREA-    0007.20  IN NEW YORK NY,3032,19068
G3600610000800,1940,New York,36,New York,061,,0008,00,STCTY-36061 HEALTH AREA-    0008.00  IN NEW YORK NY,68,32246
G3600610000900,1940,New York,36,New York,061,,0009,00,STCTY-36061 HEALTH AREA-    0009.00  IN NEW YORK NY,23701,5193
G3600610001000,1940,New York,36,New York,061,,0010,00,STCTY-36061 HEALTH AREA-    0010.00  IN NEW YORK NY,118,28085
G3600610001100,1940,New York,36,New York,061,,0011,00,STCTY-36061 HEALTH AREA-    0011.00  IN NEW YORK NY,17224,6968
G3600610001200,1940,New York,36,New York,061,,0012,00,STCTY-36061 HEALTH AREA-    0012.00  IN NEW YORK NY,90,22500
G3600610001300,1940,New York,36,New York,061,,0013,00,STCTY-36061 HEALTH AREA-    0013.00  IN NEW YORK NY,376,24711
G3600610001400,1940,New York,36,New York,061,,0014,00,STCTY-36061 HEALTH AREA-    0014.00  IN NEW YORK NY,15851,2687
G3600610001500,1940,New York,36,New York,061,,0015,00,STCTY-36061 HEALTH AREA-    0015.00  IN NEW YORK NY,1415,22584
G3600610001600,1940,New York,36,New York,061,,0016,00,STCTY-36061 HEALTH AREA-    0016.00  IN NEW YORK NY,13704,12462
G3600610001700,1940,New York,36,New York,061,,0017,00,STCTY-36061 HEALTH AREA-    0017.00  IN NEW YORK NY,18924,802
G3600610001800,1940,New York,36,New York,061,,0018,00,STCTY-36061 HEALTH AREA-    0018.00  IN NEW YORK NY,15114,13424
G3600610001900,1940,New York,36,New York,061,,0019,00,STCTY-36061 HEALTH AREA-    0019.00  IN NEW YORK NY,1841,24595
G3600610002000,1940,New York,36,New York,061,,0020,00,STCTY-36061 HEALTH AREA-    0020.00  IN NEW YORK NY,15860,12973
G3600610002100,1940,New York,36,New York,061,,0021,00,STCTY-36061 HEALTH AREA-    0021.00  IN NEW YORK NY,12133,118
G3600610002200,1940,New York,36,New York,061,,0022,00,STCTY-36061 HEALTH AREA-    0022.00  IN NEW YORK NY,22149,159
G3600610002310,1940,New York,36,New York,061,,0023,10,STCTY-36061 HEALTH AREA-    0023.10  IN NEW YORK NY,24013,328
G3600610002320,1940,New York,36,New York,061,,0023,20,STCTY-36061 HEALTH AREA-    0023.20  IN NEW YORK NY,12397,3438
G3600610002400,1940,New York,36,New York,061,,0024,00,STCTY-36061 HEALTH AREA-    0024.00  IN NEW YORK NY,3665,21239
G3600610002500,1940,New York,36,New York,061,,0025,00,STCTY-36061 HEALTH AREA-    0025.00  IN NEW YORK NY,23709,3248
G3600610002600,1940,New York,36,New York,061,,0026,00,STCTY-36061 HEALTH AREA-    0026.00  IN NEW YORK NY,15029,139
G3600610002710,1940,New York,36,New York,061,,0027,10,STCTY-36061 HEALTH AREA-    0027.10  IN NEW YORK NY,10764,93
G3600610002720,1940,New York,36,New York,061,,0027,20,STCTY-36061 HEALTH AREA-    0027.20  IN NEW YORK NY,26381,2538
G3600610002800,1940,New York,36,New York,061,,0028,00,STCTY-36061 HEALTH AREA-    0028.00  IN NEW YORK NY,20837,2846
G3600610002900,1940,New York,36,New York,061,,0029,00,STCTY-36061 HEALTH AREA-    0029.00  IN NEW YORK NY,20863,2201
G3600610003000,1940,New York,36,New York,061,,0030,00,STCTY-36061 HEALTH AREA-    0030.00  IN NEW YORK NY,9131,3639
G3600610003110,1940,New York,36,New York,061,,0031,10,STCTY-36061 HEALTH AREA-    0031.10  IN NEW YORK NY,22572,258
G3600610003120,1940,New York,36,New York,061,,0031,20,STCTY-36061 HEALTH AREA-    0031.20  IN NEW YORK NY,23718,409
G3600610003210,1940,New York,36,New York,061,,0032,10,STCTY-36061 HEALTH AREA-    0032.10  IN NEW YORK NY,14170,367
G3600610003220,1940,New York,36,New York,061,,0032,20,STCTY-36061 HEALTH AREA-    0032.20  IN NEW YORK NY,25268,387
G3600610003300,1940,New York,36,New York,061,,0033,00,STCTY-36061 HEALTH AREA-    0033.00  IN NEW YORK NY,18364,1068
G3600610003400,1940,New York,36,New York,061,,0034,00,STCTY-36061 HEALTH AREA-    0034.00  IN NEW YORK NY,29637,522
G3600610003500,1940,New York,36,New York,061,,0035,00,STCTY-36061 HEALTH AREA-    0035.00  IN NEW YORK NY,31734,387
G3600610003600,1940,New York,36,New York,061,,0036,00,STCTY-36061 HEALTH AREA-    0036.00  IN NEW YORK NY,33809,505
G3600610003700,1940,New York,36,New York,061,,0037,00,STCTY-36061 HEALTH AREA-    0037.00  IN NEW YORK NY,22269,97
G3600610003800,1940,New York,36,New York,061,,0038,00,STCTY-36061 HEALTH AREA-    0038.00  IN NEW YORK NY,23653,67
G3600610003900,1940,New York,36,New York,061,,0039,00,STCTY-36061 HEALTH AREA-    0039.00  IN NEW YORK NY,18774,3539
G3600610004000,1940,New York,36,New York,061,,0040,00,STCTY-36061 HEALTH AREA-    0040.00  IN NEW YORK NY,30994,481
G3600610004100,1940,New York,36,New York,061,,0041,00,STCTY-36061 HEALTH AREA-    0041.00  IN NEW YORK NY,24163,654
G3600610004200,1940,New York,36,New York,061,,0042,00,STCTY-36061 HEALTH AREA-    0042.00  IN NEW YORK NY,23521,106
G3600610004300,1940,New York,36,New York,061,,0043,00,STCTY-36061 HEALTH AREA-    0043.00  IN NEW YORK NY,19767,29
G3600610004400,1940,New York,36,New York,061,,0044,00,STCTY-36061 HEALTH AREA-    0044.00  IN NEW YORK NY,15203,43
G3600610004500,1940,New York,36,New York,061,,0045,00,STCTY-36061 HEALTH AREA-    0045.00  IN NEW YORK NY,7248,58
G3600610004600,1940,New York,36,New York,061,,0046,00,STCTY-36061 HEALTH AREA-    0046.00  IN NEW YORK NY,15165,676
G3600610004700,1940,New York,36,New York,061,,0047,00,STCTY-36061 HEALTH AREA-    0047.00  IN NEW YORK NY,32346,1892
G3600610004800,1940,New York,36,New York,061,,0048,00,STCTY-36061 HEALTH AREA-    0048.00  IN NEW YORK NY,27246,242
G3600610004900,1940,New York,36,New York,061,,0049,00,STCTY-36061 HEALTH AREA-    0049.00  IN NEW YORK NY,21145,189
G3600610005000,1940,New York,36,New York,061,,0050,00,STCTY-36061 HEALTH AREA-    0050.00  IN NEW YORK NY,15313,52
G3600610005100,1940,New York,36,New York,061,,0051,00,STCTY-36061 HEALTH AREA-    0051.00  IN NEW YORK NY,16745,403
G3600610005200,1940,New York,36,New York,061,,0052,00,STCTY-36061 HEALTH AREA-    0052.00  IN NEW YORK NY,27490,220
G3600610005300,1940,New York,36,New York,061,,0053,00,STCTY-36061 HEALTH AREA-    0053.00  IN NEW YORK NY,20895,208
G3600610005400,1940,New York,36,New York,061,,0054,00,STCTY-36061 HEALTH AREA-    0054.00  IN NEW YORK NY,16682,69
G3600610005500,1940,New York,36,New York,061,,0055,00,STCTY-36061 HEALTH AREA-    0055.00  IN NEW YORK NY,18010,234
G3600610005600,1940,New York,36,New York,061,,0056,00,STCTY-36061 HEALTH AREA-    0056.00  IN NEW YORK NY,26819,272
G3600610005700,1940,New York,36,New York,061,,0057,00,STCTY-36061 HEALTH AREA-    0057.00  IN NEW YORK NY,24970,240
G3600610005800,1940,New York,36,New York,061,,0058,00,STCTY-36061 HEALTH AREA-    0058.00  IN NEW YORK NY,21656,167
G3600610005900,1940,New York,36,New York,061,,0059,00,STCTY-36061 HEALTH AREA-    0059.00  IN NEW YORK NY,18523,266
G3600610006000,1940,New York,36,New York,061,,0060,00,STCTY-36061 HEALTH AREA-    0060.00  IN NEW YORK NY,15626,384
G3600610006100,1940,New York,36,New York,061,,0061,00,STCTY-36061 HEALTH AREA-    0061.00  IN NEW YORK NY,15773,384
G3600610006200,1940,New York,36,New York,061,,0062,00,STCTY-36061 HEALTH AREA-    0062.00  IN NEW YORK NY,25657,232
G3600610006300,1940,New York,36,New York,061,,0063,00,STCTY-36061 HEALTH AREA-    0063.00  IN NEW YORK NY,11937,56
G3600610006400,1940,New York,36,New York,061,,0064,00,STCTY-36061 HEALTH AREA-    0064.00  IN NEW YORK NY,21230,78
G3600610006500,1940,New York,36,New York,061,,0065,00,STCTY-36061 HEALTH AREA-    0065.00  IN NEW YORK NY,14592,85
G3600610006600,1940,New York,36,New York,061,,0066,00,STCTY-36061 HEALTH AREA-    0066.00  IN NEW YORK NY,13185,33
G3600610006700,1940,New York,36,New York,061,,0067,00,STCTY-36061 HEALTH AREA-    0067.00  IN NEW YORK NY,20645,96
G3600610006800,1940,New York,36,New York,061,,0068,00,STCTY-36061 HEALTH AREA-    0068.00  IN NEW YORK NY,10011,14
G3600610006900,1940,New York,36,New York,061,,0069,00,STCTY-36061 HEALTH AREA-    0069.00  IN NEW YORK NY,18175,367
G3600610007000,1940,New York,36,New York,061,,0070,00,STCTY-36061 HEALTH AREA-    0070.00  IN NEW YORK NY,10806,104
G3600610007100,1940,New York,36,New York,061,,0071,00,STCTY-36061 HEALTH AREA-    0071.00  IN NEW YORK NY,12896,107
G3600610007200,1940,New York,36,New York,061,,0072,00,STCTY-36061 HEALTH AREA-    0072.00  IN NEW YORK NY,12048,57
G3600610007300,1940,New York,36,New York,061,,0073,00,STCTY-36061 HEALTH AREA-    0073.00  IN NEW YORK NY,9171,39
G3600610007400,1940,New York,36,New York,061,,0074,00,STCTY-36061 HEALTH AREA-    0074.00  IN NEW YORK NY,9675,925
G3600610007500,1940,New York,36,New York,061,,0075,00,STCTY-36061 HEALTH AREA-    0075.00  IN NEW YORK NY,15348,1532
G3600610007600,1940,New York,36,New York,061,,0076,00,STCTY-36061 HEALTH AREA-    0076.00  IN NEW YORK NY,12760,221
G3600610007700,1940,New York,36,New York,061,,0077,00,STCTY-36061 HEALTH AREA-    0077.00  IN NEW YORK NY,14908,5493
G3600610007800,1940,New York,36,New York,061,,0078,00,STCTY-36061 HEALTH AREA-    0078.00  IN NEW YORK NY,18296,663
G3600610007900,1940,New York,36,New York,061,,0079,00,STCTY-36061 HEALTH AREA-    0079.00  IN NEW YORK NY,11173,98
G3600610008000,1940,New York,36,New York,061,,0080,00,STCTY-36061 HEALTH AREA-    0080.00  IN NEW YORK NY,10601,305
G3600610008100,1940,New York,36,New York,061,,0081,00,STCTY-36061 HEALTH AREA-    0081.00  IN NEW YORK NY,4229,46
G3600610008200,1940,New York,36,New York,061,,0082,00,STCTY-36061 HEALTH AREA-    0082.00  IN NEW YORK NY,718,18
G3600610008300,1940,New York,36,New York,061,,0083,00,STCTY-36061 HEALTH AREA-    0083.00  IN NEW YORK NY,5280,566
G3600610008400,1940,New York,36,New York,061,,0084,00,STCTY-36061 HEALTH AREA-    0084.00  IN NEW YORK NY,3502,334
G3600610CV008500,1940,New York,36,New York,061,CV,0085,00,STCTY-36061 HEALTH AREA- CV 0085.00  IN NEW YORK NY,3068,237
G36006700001,1940,New York,36,Onondaga,067,,0001,,STCTY-36067 TRACT-    0001     IN SYRACUSE NY,60,0
G36006700002,1940,New York,36,Onondaga,067,,0002,,STCTY-36067 TRACT-    0002     IN SYRACUSE NY,5285,3
G36006700003,1940,New York,36,Onondaga,067,,0003,,STCTY-36067 TRACT-    0003     IN SYRACUSE NY,1923,5
G36006700004,1940,New York,36,Onondaga,067,,0004,,STCTY-36067 TRACT-    0004     IN SYRACUSE NY,4634,0
G36006700005,1940,New York,36,Onondaga,067,,0005,,STCTY-36067 TRACT-    0005     IN SYRACUSE NY,2623,0
G36006700006,1940,New York,36,Onondaga,067,,0006,,STCTY-36067 TRACT-    0006     IN SYRACUSE NY,4182,0
G36006700007,1940,New York,36,Onondaga,067,,0007,,STCTY-36067 TRACT-    0007     IN SYRACUSE NY,2103,0
G36006700008,1940,New York,36,Onondaga,067,,0008,,STCTY-36067 TRACT-    0008     IN SYRACUSE NY,3620,0
G36006700009,1940,New York,36,Onondaga,067,,0009,,STCTY-36067 TRACT-    0009     IN SYRACUSE NY,3500,18
G36006700010,1940,New York,36,Onondaga,067,,0010,,STCTY-36067 TRACT-    0010     IN SYRACUSE NY,3361,0
G36006700011,1940,New York,36,Onondaga,067,,0011,,STCTY-36067 TRACT-    0011     IN SYRACUSE NY,398,0
G36006700012,1940,New York,36,Onondaga,067,,0012,,STCTY-36067 TRACT-    0012     IN SYRACUSE NY,970,0
G36006700013,1940,New York,36,Onondaga,067,,0013,,STCTY-36067 TRACT-    0013     IN SYRACUSE NY,3202,0
G36006700014,1940,New York,36,Onondaga,067,,0014,,STCTY-36067 TRACT-    0014     IN SYRACUSE NY,4312,0
G36006700015,1940,New York,36,Onondaga,067,,0015,,STCTY-36067 TRACT-    0015     IN SYRACUSE NY,3391,0
G36006700016,1940,New York,36,Onondaga,067,,0016,,STCTY-36067 TRACT-    0016     IN SYRACUSE NY,2684,8
G36006700017,1940,New York,36,Onondaga,067,,0017,,STCTY-36067 TRACT-    0017     IN SYRACUSE NY,4592,1
G36006700018,1940,New York,36,Onondaga,067,,0018,,STCTY-36067 TRACT-    0018     IN SYRACUSE NY,3525,0
G36006700019,1940,New York,36,Onondaga,067,,0019,,STCTY-36067 TRACT-    0019     IN SYRACUSE NY,3694,0
G36006700020,1940,New York,36,Onondaga,067,,0020,,STCTY-36067 TRACT-    0020     IN SYRACUSE NY,4542,0
G36006700021,1940,New York,36,Onondaga,067,,0021,,STCTY-36067 TRACT-    0021     IN SYRACUSE NY,4267,0
G36006700022,1940,New York,36,Onondaga,067,,0022,,STCTY-36067 TRACT-    0022     IN SYRACUSE NY,3141,0
G36006700023,1940,New York,36,Onondaga,067,,0023,,STCTY-36067 TRACT-    0023     IN SYRACUSE NY,5004,6
G36006700024,1940,New York,36,Onondaga,067,,0024,,STCTY-36067 TRACT-    0024     IN SYRACUSE NY,4771,16
G36006700025,1940,New York,36,Onondaga,067,,0025,,STCTY-36067 TRACT-    0025     IN SYRACUSE NY,3558,0
G36006700026,1940,New York,36,Onondaga,067,,0026,,STCTY-36067 TRACT-    0026     IN SYRACUSE NY,928,1
G36006700027,1940,New York,36,Onondaga,067,,0027,,STCTY-36067 TRACT-    0027     IN SYRACUSE NY,2907,0
G36006700028,1940,New York,36,Onondaga,067,,0028,,STCTY-36067 TRACT-    0028     IN SYRACUSE NY,3206,0
G36006700029,1940,New York,36,Onondaga,067,,0029,,STCTY-36067 TRACT-    0029     IN SYRACUSE NY,2081,0
G36006700030,1940,New York,36,Onondaga,067,,0030,,STCTY-36067 TRACT-    0030     IN SYRACUSE NY,5065,54
G36006700031,1940,New York,36,Onondaga,067,,0031,,STCTY-36067 TRACT-    0031     IN SYRACUSE NY,2522,61
G36006700032,1940,New York,36,Onondaga,067,,0032,,STCTY-36067 TRACT-    0032     IN SYRACUSE NY,3752,1032
G36006700033,1940,New York,36,Onondaga,067,,0033,,STCTY-36067 TRACT-    0033     IN SYRACUSE NY,4467,405
G36006700034,1940,New York,36,Onondaga,067,,0034,,STCTY-36067 TRACT-    0034     IN SYRACUSE NY,3574,160
G36006700035,1940,New York,36,Onondaga,067,,0035,,STCTY-36067 TRACT-    0035     IN SYRACUSE NY,4100,5
G36006700036,1940,New York,36,Onondaga,067,,0036,,STCTY-36067 TRACT-    0036     IN SYRACUSE NY,2627,5
G36006700037,1940,New York,36,Onondaga,067,,0037,,STCTY-36067 TRACT-    0037     IN SYRACUSE NY,1162,61
G36006700038,1940,New York,36,Onondaga,067,,0038,,STCTY-36067 TRACT-    0038     IN SYRACUSE NY,4106,0
G36006700039,1940,New York,36,Onondaga,067,,0039,,STCTY-36067 TRACT-    0039     IN SYRACUSE NY,8131,0
G36006700040,1940,New York,36,Onondaga,067,,0040,,STCTY-36067 TRACT-    0040     IN SYRACUSE NY,5416,12
G36006700041,1940,New York,36,Onondaga,067,,0041,,STCTY-36067 TRACT-    0041     IN SYRACUSE NY,3272,13
G36006700042,1940,New York,36,Onondaga,067,,0042,,STCTY-36067 TRACT-    0042     IN SYRACUSE NY,4764,375
G36006700043,1940,New York,36,Onondaga,067,,0043,,STCTY-36067 TRACT-    0043     IN SYRACUSE NY,1993,7
G36006700044,1940,New York,36,Onondaga,067,,0044,,STCTY-36067 TRACT-    0044     IN SYRACUSE NY,2881,14
G36006700045,1940,New York,36,Onondaga,067,,0045,,STCTY-36067 TRACT-    0045     IN SYRACUSE NY,5030,2
G36006700046,1940,New York,36,Onondaga,067,,0046,,STCTY-36067 TRACT-    0046     IN SYRACUSE NY,1135,12
G36006700047,1940,New York,36,Onondaga,067,,0047,,STCTY-36067 TRACT-    0047     IN SYRACUSE NY,1683,7
G36006700048,1940,New York,36,Onondaga,067,,0048,,STCTY-36067 TRACT-    0048     IN SYRACUSE NY,873,0
G36006700049,1940,New York,36,Onondaga,067,,0049,,STCTY-36067 TRACT-    0049     IN SYRACUSE NY,1805,0
G36006700050,1940,New York,36,Onondaga,067,,0050,,STCTY-36067 TRACT-    0050     IN SYRACUSE NY,3950,3
G36006700051,1940,New York,36,Onondaga,067,,0051,,STCTY-36067 TRACT-    0051     IN SYRACUSE NY,3660,1
G36006700052,1940,New York,36,Onondaga,067,,0052,,STCTY-36067 TRACT-    0052     IN SYRACUSE NY,5892,2
G36006700053,1940,New York,36,Onondaga,067,,0053,,STCTY-36067 TRACT-    0053     IN SYRACUSE NY,4931,16
G36006700054,1940,New York,36,Onondaga,067,,0054,,STCTY-36067 TRACT-    0054     IN SYRACUSE NY,5893,3
G36006700055,1940,New York,36,Onondaga,067,,0055,,STCTY-36067 TRACT-    0055     IN SYRACUSE NY,876,4
G36006700056,1940,New York,36,Onondaga,067,,0056,,STCTY-36067 TRACT-    0056     IN SYRACUSE NY,885,0
G36006700057,1940,New York,36,Onondaga,067,,0057,,STCTY-36067 TRACT-    0057     IN SYRACUSE NY,2219,0
G36006700058,1940,New York,36,Onondaga,067,,0058,,STCTY-36067 TRACT-    0058     IN SYRACUSE NY,3675,0
G36006700059,1940,New York,36,Onondaga,067,,0059,,STCTY-36067 TRACT-    0059     IN SYRACUSE NY,4107,1
G36006700060,1940,New York,36,Onondaga,067,,0060,,STCTY-36067 TRACT-    0060     IN SYRACUSE NY,2631,6
G36006700061,1940,New York,36,Onondaga,067,,0061,,STCTY-36067 TRACT-    0061     IN SYRACUSE NY,4099,8
G3600810000110,1940,New York,36,Queens,081,,0001,10,STCTY-36081 HEALTH AREA-    0001.10  IN NEW YORK NY,21289,17
G3600810000120,1940,New York,36,Queens,081,,0001,20,STCTY-36081 HEALTH AREA-    0001.20  IN NEW YORK NY,22537,34
G3600810000210,1940,New York,36,Queens,081,,0002,10,STCTY-36081 HEALTH AREA-    0002.10  IN NEW YORK NY,14029,16
G3600810000220,1940,New York,36,Queens,081,,0002,20,STCTY-36081 HEALTH AREA-    0002.20  IN NEW YORK NY,16012,74
G3600810000300,1940,New York,36,Queens,081,,0003,00,STCTY-36081 HEALTH AREA-    0003.00  IN NEW YORK NY,28528,33
G3600810000400,1940,New York,36,Queens,081,,0004,00,STCTY-36081 HEALTH AREA-    0004.00  IN NEW YORK NY,36872,86
G3600810000500,1940,New York,36,Queens,081,,0005,00,STCTY-36081 HEALTH AREA-    0005.00  IN NEW YORK NY,34587,14
G3600810000610,1940,New York,36,Queens,081,,0006,10,STCTY-36081 HEALTH AREA-    0006.10  IN NEW YORK NY,17275,2632
G3600810000620,1940,New York,36,Queens,081,,0006,20,STCTY-36081 HEALTH AREA-    0006.20  IN NEW YORK NY,20821,40
G3600810000710,1940,New York,36,Queens,081,,0007,10,STCTY-36081 HEALTH AREA-    0007.10  IN NEW YORK NY,18996,124
G3600810000720,1940,New York,36,Queens,081,,0007,20,STCTY-36081 HEALTH AREA-    0007.20  IN NEW YORK NY,22121,393
G3600810000800,1940,New York,36,Queens,081,,0008,00,STCTY-36081 HEALTH AREA-    0008.00  IN NEW YORK NY,22865,29
G3600810000910,1940,New York,36,Queens,081,,0009,10,STCTY-36081 HEALTH AREA-    0009.10  IN NEW YORK NY,20960,50
G3600810000920,1940,New York,36,Queens,081,,0009,20,STCTY-36081 HEALTH AREA-    0009.20  IN NEW YORK NY,16501,39
G3600810001010,1940,New York,36,Queens,081,,0010,10,STCTY-36081 HEALTH AREA-    0010.10  IN NEW YORK NY,27626,100
G3600810001020,1940,New York,36,Queens,081,,0010,20,STCTY-36081 HEALTH AREA-    0010.20  IN NEW YORK NY,30010,77
G3600810001100,1940,New York,36,Queens,081,,0011,00,STCTY-36081 HEALTH AREA-    0011.00  IN NEW YORK NY,28085,1603
G3600810001200,1940,New York,36,Queens,081,,0012,00,STCTY-36081 HEALTH AREA-    0012.00  IN NEW YORK NY,20408,1647
G3600810001310,1940,New York,36,Queens,081,,0013,10,STCTY-36081 HEALTH AREA-    0013.10  IN NEW YORK NY,22138,153
G3600810001320,1940,New York,36,Queens,081,,0013,20,STCTY-36081 HEALTH AREA-    0013.20  IN NEW YORK NY,18029,347
G3600810001410,1940,New York,36,Queens,081,,0014,10,STCTY-36081 HEALTH AREA-    0014.10  IN NEW YORK NY,10328,21
G3600810001420,1940,New York,36,Queens,081,,0014,20,STCTY-36081 HEALTH AREA-    0014.20  IN NEW YORK NY,22305,25
G3600810001500,1940,New York,36,Queens,081,,0015,00,STCTY-36081 HEALTH AREA-    0015.00  IN NEW YORK NY,16480,146
G3600810001600,1940,New York,36,Queens,081,,0016,00,STCTY-36081 HEALTH AREA-    0016.00  IN NEW YORK NY,18993,3
G3600810001700,1940,New York,36,Queens,081,,0017,00,STCTY-36081 HEALTH AREA-    0017.00  IN NEW YORK NY,31345,12
G3600810001810,1940,New York,36,Queens,081,,0018,10,STCTY-36081 HEALTH AREA-    0018.10  IN NEW YORK NY,20854,11
G3600810001821,1940,New York,36,Queens,081,,0018,21,STCTY-36081 HEALTH AREA-    0018.21  IN NEW YORK NY,15656,12
G3600810001822,1940,New York,36,Queens,081,,0018,22,STCTY-36081 HEALTH AREA-    0018.22  IN NEW YORK NY,16076,17
G3600810001910,1940,New York,36,Queens,081,,0019,10,STCTY-36081 HEALTH AREA-    0019.10  IN NEW YORK NY,21009,145
G3600810001920,1940,New York,36,Queens,081,,0019,20,STCTY-36081 HEALTH AREA-    0019.20  IN NEW YORK NY,22691,332
G3600810002000,1940,New York,36,Queens,081,,0020,00,STCTY-36081 HEALTH AREA-    0020.00  IN NEW YORK NY,18074,261
G3600810002111,1940,New York,36,Queens,081,,0021,11,STCTY-36081 HEALTH AREA-    0021.11  IN NEW YORK NY,12745,227
G3600810002112,1940,New York,36,Queens,081,,0021,12,STCTY-36081 HEALTH AREA-    0021.12  IN NEW YORK NY,15714,468
G3600810002121,1940,New York,36,Queens,081,,0021,21,STCTY-36081 HEALTH AREA-    0021.21  IN NEW YORK NY,13917,212
G3600810002122,1940,New York,36,Queens,081,,0021,22,STCTY-36081 HEALTH AREA-    0021.22  IN NEW YORK NY,18388,193
G3600810002200,1940,New York,36,Queens,081,,0022,00,STCTY-36081 HEALTH AREA-    0022.00  IN NEW YORK NY,21840,8
G3600810002300,1940,New York,36,Queens,081,,0023,00,STCTY-36081 HEALTH AREA-    0023.00  IN NEW YORK NY,23059,6
G3600810002400,1940,New York,36,Queens,081,,0024,00,STCTY-36081 HEALTH AREA-    0024.00  IN NEW YORK NY,26604,9
G3600810002500,1940,New York,36,Queens,081,,0025,00,STCTY-36081 HEALTH AREA-    0025.00  IN NEW YORK NY,25753,21
G3600810002600,1940,New York,36,Queens,081,,0026,00,STCTY-36081 HEALTH AREA-    0026.00  IN NEW YORK NY,25990,110
G3600810002700,1940,New York,36,Queens,081,,0027,00,STCTY-36081 HEALTH AREA-    0027.00  IN NEW YORK NY,31999,102
G3600810002810,1940,New York,36,Queens,081,,0028,10,STCTY-36081 HEALTH AREA-    0028.10  IN NEW YORK NY,19144,118
G3600810002820,1940,New York,36,Queens,081,,0028,20,STCTY-36081 HEALTH AREA-    0028.20  IN NEW YORK NY,17972,61
G3600810002910,1940,New York,36,Queens,081,,0029,10,STCTY-36081 HEALTH AREA-    0029.10  IN NEW YORK NY,17114,16
G3600810002920,1940,New York,36,Queens,081,,0029,20,STCTY-36081 HEALTH AREA-    0029.20  IN NEW YORK NY,19509,32
G3600810003000,1940,New York,36,Queens,081,,0030,00,STCTY-36081 HEALTH AREA-    0030.00  IN NEW YORK NY,31915,34
G3600810003100,1940,New York,36,Queens,081,,0031,00,STCTY-36081 HEALTH AREA-    0031.00  IN NEW YORK NY,31507,114
G3600810003200,1940,New York,36,Queens,081,,0032,00,STCTY-36081 HEALTH AREA-    0032.00  IN NEW YORK NY,34957,60
G3600810003300,1940,New York,36,Queens,081,,0033,00,STCTY-36081 HEALTH AREA-    0033.00  IN NEW YORK NY,23737,1955
G3600810003400,1940,New York,36,Queens,081,,0034,00,STCTY-36081 HEALTH AREA-    0034.00  IN NEW YORK NY,19354,8215
G3600810003510,1940,New York,36,Queens,081,,0035,10,STCTY-36081 HEALTH AREA-    0035.10  IN NEW YORK NY,14986,3876
G3600810003520,1940,New York,36,Queens,081,,0035,20,STCTY-36081 HEALTH AREA-    0035.20  IN NEW YORK NY,25041,45
G3600810003531,1940,New York,36,Queens,081,,0035,31,STCTY-36081 HEALTH AREA-    0035.31  IN NEW YORK NY,21255,102
G3600810003532,1940,New York,36,Queens,081,,0035,32,STCTY-36081 HEALTH AREA-    0035.32  IN NEW YORK NY,21293,235
G3600810003611,1940,New York,36,Queens,081,,0036,11,STCTY-36081 HEALTH AREA-    0036.11  IN NEW YORK NY,17556,18
G3600810003612,1940,New York,36,Queens,081,,0036,12,STCTY-36081 HEALTH AREA-    0036.12  IN NEW YORK NY,16855,12
G3600810003620,1940,New York,36,Queens,081,,0036,20,STCTY-36081 HEALTH AREA-    0036.20  IN NEW YORK NY,10880,14
G3600810003700,1940,New York,36,Queens,081,,0037,00,STCTY-36081 HEALTH AREA-    0037.00  IN NEW YORK NY,17323,1186
G3600810003800,1940,New York,36,Queens,081,,0038,00,STCTY-36081 HEALTH AREA-    0038.00  IN NEW YORK NY,19329,955
G3600810003900,1940,New York,36,Queens,081,,0039,00,STCTY-36081 HEALTH AREA-    0039.00  IN NEW YORK NY,1495,6
G3600850000100,1940,New York,36,Richmond,085,,0001,00,STCTY-36085 HEALTH AREA-    0001.00  IN NEW YORK NY,10576,134
G3600850000200,1940,New York,36,Richmond,085,,0002,00,STCTY-36085 HEALTH AREA-    0002.00  IN NEW YORK NY,19300,432
G3600850000300,1940,New York,36,Richmond,085,,0003,00,STCTY-36085 HEALTH AREA-    0003.00  IN NEW YORK NY,19703,639
G3600850000400,1940,New York,36,Richmond,085,,0004,00,STCTY-36085 HEALTH AREA-    0004.00  IN NEW YORK NY,26534,737
G3600850000500,1940,New York,36,Richmond,085,,0005,00,STCTY-36085 HEALTH AREA-    0005.00  IN NEW YORK NY,13855,460
G3600850000600,1940,New York,36,Richmond,085,,0006,00,STCTY-36085 HEALTH AREA-    0006.00  IN NEW YORK NY,19362,749
G3600850000700,1940,New York,36,Richmond,085,,0007,00,STCTY-36085 HEALTH AREA-    0007.00  IN NEW YORK NY,14864,95
G3600850000800,1940,New York,36,Richmond,085,,0008,00,STCTY-36085 HEALTH AREA-    0008.00  IN NEW YORK NY,15771,254
G3600850000910,1940,New York,36,Richmond,085,,0009,10,STCTY-36085 HEALTH AREA-    0009.10  IN NEW YORK NY,15940,10
G3600850000920,1940,New York,36,Richmond,085,,0009,20,STCTY-36085 HEALTH AREA-    0009.20  IN NEW YORK NY,13080,34
G3600850001000,1940,New York,36,Richmond,085,,0010,00,STCTY-36085 HEALTH AREA-    0010.00  IN NEW YORK NY,1890,22
G36011900001,1940,New York,36,Westchester,119,,0001,,STCTY-36119 TRACT-    0001     IN YONKERS NY,12053,149
G36011900002,1940,New York,36,Westchester,119,,0002,,STCTY-36119 TRACT-    0002     IN YONKERS NY,11280,220
G36011900003,1940,New York,36,Westchester,119,,0003,,STCTY-36119 TRACT-    0003     IN YONKERS NY,5865,994
G36011900004,1940,New York,36,Westchester,119,,0004,,STCTY-36119 TRACT-    0004     IN YONKERS NY,8715,1029
G36011900005,1940,New York,36,Westchester,119,,0005,,STCTY-36119 TRACT-    0005     IN YONKERS NY,5615,174
G36011900006,1940,New York,36,Westchester,119,,0006,,STCTY-36119 TRACT-    0006     IN YONKERS NY,5506,76
G36011900007,1940,New York,36,Westchester,119,,0007,,STCTY-36119 TRACT-    0007     IN YONKERS NY,2679,15
G36011900008,1940,New York,36,Westchester,119,,0008,,STCTY-36119 TRACT-    0008     IN YONKERS NY,7808,19
G36011900009,1940,New York,36,Westchester,119,,0009,,STCTY-36119 TRACT-    0009     IN YONKERS NY,1152,0
G36011900010,1940,New York,36,Westchester,119,,0010,,STCTY-36119 TRACT-    0010     IN YONKERS NY,4537,48
G36011900011,1940,New York,36,Westchester,119,,0011,,STCTY-36119 TRACT-    0011     IN YONKERS NY,10102,85
G36011900012,1940,New York,36,Westchester,119,,0012,,STCTY-36119 TRACT-    0012     IN YONKERS NY,6009,112
G36011900013,1940,New York,36,Westchester,119,,0013,,STCTY-36119 TRACT-    0013     IN YONKERS NY,11870,81
G36011900014,1940,New York,36,Westchester,119,,0014,,STCTY-36119 TRACT-    0014     IN YONKERS NY,5939,20
G36011900015,1940,New York,36,Westchester,119,,0015,,STCTY-36119 TRACT-    0015     IN YONKERS NY,7844,34
G36011900016,1940,New York,36,Westchester,119,,0016,,STCTY-36119 TRACT-    0016     IN YONKERS NY,3647,14
G36011900017,1940,New York,36,Westchester,119,,0017,,STCTY-36119 TRACT-    0017     IN YONKERS NY,4662,13
G36011900018,1940,New York,36,Westchester,119,,0018,,STCTY-36119 TRACT-    0018     IN YONKERS NY,279,736
G36011900019,1940,New York,36,Westchester,119,,0019,,STCTY-36119 TRACT-    0019     IN YONKERS NY,563,1
G36011900020,1940,New York,36,Westchester,119,,0020,,STCTY-36119 TRACT-    0020     IN YONKERS NY,435,4
G36011900021,1940,New York,36,Westchester,119,,0021,,STCTY-36119 TRACT-    0021     IN YONKERS NY,3943,99
G36011900022,1940,New York,36,Westchester,119,,0022,,STCTY-36119 TRACT-    0022     IN YONKERS NY,6925,187
G36011900023,1940,New York,36,Westchester,119,,0023,,STCTY-36119 TRACT-    0023     IN YONKERS NY,2413,27
G36011900024,1940,New York,36,Westchester,119,,0024,,STCTY-36119 TRACT-    0024     IN YONKERS NY,8600,20